{"Date":1672531200000,"Sales":202,"Category":"B"}
{"Date":1672617600000,"Sales":535,"Category":"C"}
{"Date":1672704000000,"Sales":960,"Category":"A"}
{"Date":1672790400000,"Sales":370,"Category":"B"}
{"Date":1672876800000,"Sales":206,"Category":"A"}
{"Date":1672963200000,"Sales":171,"Category":"A"}
{"Date":1673049600000,"Sales":800,"Category":"B"}
{"Date":1673136000000,"Sales":120,"Category":"C"}
{"Date":1673222400000,"Sales":714,"Category":"A"}
{"Date":1673308800000,"Sales":221,"Category":"B"}
{"Date":1673395200000,"Sales":566,"Category":"A"}
{"Date":1673481600000,"Sales":314,"Category":"A"}
{"Date":1673568000000,"Sales":430,"Category":"A"}
{"Date":1673654400000,"Sales":558,"Category":"A"}
{"Date":1673740800000,"Sales":187,"Category":"C"}
{"Date":1673827200000,"Sales":472,"Category":"A"}
{"Date":1673913600000,"Sales":199,"Category":"A"}
{"Date":1674000000000,"Sales":971,"Category":"A"}
{"Date":1674086400000,"Sales":763,"Category":"C"}
{"Date":1674172800000,"Sales":230,"Category":"A"}
{"Date":1674259200000,"Sales":761,"Category":"A"}
{"Date":1674345600000,"Sales":408,"Category":"C"}
{"Date":1674432000000,"Sales":869,"Category":"C"}
{"Date":1674518400000,"Sales":443,"Category":"C"}
{"Date":1674604800000,"Sales":591,"Category":"A"}
{"Date":1674691200000,"Sales":513,"Category":"C"}
{"Date":1674777600000,"Sales":905,"Category":"C"}
{"Date":1674864000000,"Sales":485,"Category":"A"}
{"Date":1674950400000,"Sales":291,"Category":"C"}
{"Date":1675036800000,"Sales":376,"Category":"A"}
{"Date":1675123200000,"Sales":260,"Category":"B"}
{"Date":1675209600000,"Sales":559,"Category":"C"}
{"Date":1675296000000,"Sales":413,"Category":"B"}
{"Date":1675382400000,"Sales":121,"Category":"A"}
{"Date":1675468800000,"Sales":352,"Category":"C"}
{"Date":1675555200000,"Sales":847,"Category":"A"}
{"Date":1675641600000,"Sales":956,"Category":"B"}
{"Date":1675728000000,"Sales":660,"Category":"A"}
{"Date":1675814400000,"Sales":574,"Category":"C"}
{"Date":1675900800000,"Sales":158,"Category":"C"}
{"Date":1675987200000,"Sales":610,"Category":"B"}
{"Date":1676073600000,"Sales":781,"Category":"A"}
{"Date":1676160000000,"Sales":575,"Category":"C"}
{"Date":1676246400000,"Sales":799,"Category":"B"}
{"Date":1676332800000,"Sales":882,"Category":"C"}
{"Date":1676419200000,"Sales":289,"Category":"C"}
{"Date":1676505600000,"Sales":786,"Category":"A"}
{"Date":1676592000000,"Sales":662,"Category":"C"}
{"Date":1676678400000,"Sales":975,"Category":"A"}
{"Date":1676764800000,"Sales":666,"Category":"C"}
{"Date":1676851200000,"Sales":343,"Category":"B"}
{"Date":1676937600000,"Sales":931,"Category":"C"}
{"Date":1677024000000,"Sales":604,"Category":"A"}
{"Date":1677110400000,"Sales":230,"Category":"A"}
{"Date":1677196800000,"Sales":584,"Category":"B"}
{"Date":1677283200000,"Sales":918,"Category":"C"}
{"Date":1677369600000,"Sales":746,"Category":"C"}
{"Date":1677456000000,"Sales":120,"Category":"B"}
{"Date":1677542400000,"Sales":940,"Category":"C"}
{"Date":1677628800000,"Sales":266,"Category":"C"}
{"Date":1677715200000,"Sales":373,"Category":"A"}
{"Date":1677801600000,"Sales":487,"Category":"C"}
{"Date":1677888000000,"Sales":700,"Category":"C"}
{"Date":1677974400000,"Sales":415,"Category":"B"}
{"Date":1678060800000,"Sales":113,"Category":"B"}
{"Date":1678147200000,"Sales":341,"Category":"A"}
{"Date":1678233600000,"Sales":876,"Category":"C"}
{"Date":1678320000000,"Sales":445,"Category":"C"}
{"Date":1678406400000,"Sales":664,"Category":"C"}
{"Date":1678492800000,"Sales":997,"Category":"A"}
{"Date":1678579200000,"Sales":439,"Category":"A"}
{"Date":1678665600000,"Sales":191,"Category":"B"}
{"Date":1678752000000,"Sales":466,"Category":"A"}
{"Date":1678838400000,"Sales":554,"Category":"C"}
{"Date":1678924800000,"Sales":527,"Category":"C"}
{"Date":1679011200000,"Sales":608,"Category":"A"}
{"Date":1679097600000,"Sales":875,"Category":"C"}
{"Date":1679184000000,"Sales":134,"Category":"C"}
{"Date":1679270400000,"Sales":305,"Category":"A"}
{"Date":1679356800000,"Sales":180,"Category":"A"}
{"Date":1679443200000,"Sales":661,"Category":"C"}
{"Date":1679529600000,"Sales":971,"Category":"C"}
{"Date":1679616000000,"Sales":487,"Category":"C"}
{"Date":1679702400000,"Sales":101,"Category":"B"}
{"Date":1679788800000,"Sales":489,"Category":"B"}
{"Date":1679875200000,"Sales":665,"Category":"B"}
{"Date":1679961600000,"Sales":205,"Category":"A"}
{"Date":1680048000000,"Sales":871,"Category":"B"}
{"Date":1680134400000,"Sales":921,"Category":"A"}
{"Date":1680220800000,"Sales":576,"Category":"A"}
{"Date":1680307200000,"Sales":802,"Category":"B"}
{"Date":1680393600000,"Sales":501,"Category":"B"}
{"Date":1680480000000,"Sales":829,"Category":"B"}
{"Date":1680566400000,"Sales":655,"Category":"C"}
{"Date":1680652800000,"Sales":261,"Category":"B"}
{"Date":1680739200000,"Sales":301,"Category":"C"}
{"Date":1680825600000,"Sales":369,"Category":"A"}
{"Date":1680912000000,"Sales":962,"Category":"C"}
{"Date":1680998400000,"Sales":915,"Category":"B"}
{"Date":1681084800000,"Sales":370,"Category":"A"}
